Recall,Class 0.0 Precision,Class 1.0 Precision,Class 2.0 Precision,Class 3.0 Precision
0.0,1.0,1.0,1.0,1.0
0.001001001001001001,1.0,1.0,1.0,1.0
0.002002002002002002,1.0,1.0,1.0,1.0
0.003003003003003003,1.0,1.0,1.0,1.0
0.004004004004004004,1.0,1.0,1.0,1.0
0.005005005005005005,1.0,1.0,1.0,1.0
0.006006006006006006,1.0,1.0,1.0,1.0
0.007007007007007007,1.0,1.0,1.0,1.0
0.008008008008008008,1.0,1.0,1.0,1.0
0.009009009009009009,1.0,1.0,1.0,1.0
0.01001001001001001,1.0,1.0,1.0,1.0
0.011011011011011011,1.0,1.0,1.0,1.0
0.012012012012012012,1.0,1.0,1.0,1.0
0.013013013013013013,1.0,1.0,1.0,1.0
0.014014014014014014,1.0,1.0,1.0,1.0
0.015015015015015015,1.0,1.0,1.0,1.0
0.016016016016016016,1.0,1.0,1.0,1.0
0.017017017017017015,1.0,1.0,1.0,1.0
0.018018018018018018,1.0,1.0,1.0,1.0
0.01901901901901902,1.0,1.0,1.0,1.0
0.02002002002002002,1.0,1.0,1.0,1.0
0.02102102102102102,1.0,1.0,1.0,1.0
0.022022022022022022,1.0,1.0,1.0,1.0
0.023023023023023025,1.0,1.0,1.0,1.0
0.024024024024024024,1.0,1.0,1.0,1.0
0.025025025025025023,1.0,1.0,1.0,1.0
0.026026026026026026,1.0,1.0,1.0,1.0
0.02702702702702703,1.0,1.0,1.0,1.0
0.028028028028028028,1.0,1.0,1.0,1.0
0.029029029029029027,1.0,1.0,1.0,1.0
0.03003003003003003,1.0,1.0,1.0,1.0
0.031031031031031032,1.0,1.0,1.0,1.0
0.03203203203203203,1.0,1.0,1.0,1.0
0.03303303303303303,1.0,1.0,1.0,1.0
0.03403403403403403,1.0,1.0,1.0,1.0
0.035035035035035036,1.0,1.0,1.0,1.0
0.036036036036036036,1.0,1.0,1.0,1.0
0.037037037037037035,1.0,1.0,1.0,1.0
0.03803803803803804,1.0,1.0,1.0,1.0
0.03903903903903904,1.0,1.0,1.0,1.0
0.04004004004004004,1.0,1.0,1.0,1.0
0.04104104104104104,1.0,1.0,1.0,1.0
0.04204204204204204,1.0,1.0,1.0,1.0
0.043043043043043044,1.0,1.0,1.0,1.0
0.044044044044044044,1.0,1.0,1.0,1.0
0.04504504504504504,1.0,1.0,1.0,1.0
0.04604604604604605,1.0,1.0,1.0,1.0
0.04704704704704705,1.0,1.0,1.0,1.0
0.04804804804804805,1.0,1.0,1.0,1.0
0.04904904904904905,1.0,1.0,1.0,1.0
0.050050050050050046,1.0,1.0,1.0,1.0
0.05105105105105105,1.0,1.0,1.0,1.0
0.05205205205205205,1.0,1.0,1.0,1.0
0.05305305305305305,1.0,1.0,1.0,1.0
0.05405405405405406,1.0,1.0,1.0,1.0
0.055055055055055056,1.0,1.0,1.0,1.0
0.056056056056056056,1.0,1.0,1.0,1.0
0.057057057057057055,1.0,1.0,1.0,1.0
0.058058058058058054,1.0,1.0,1.0,1.0
0.05905905905905906,1.0,1.0,1.0,1.0
0.06006006006006006,1.0,1.0,1.0,0.9473684210526315
0.06106106106106106,1.0,1.0,1.0,0.9473684210526315
0.062062062062062065,1.0,1.0,1.0,0.9473684210526315
0.06306306306306306,1.0,1.0,1.0,0.9473684210526315
0.06406406406406406,1.0,1.0,1.0,0.9473684210526315
0.06506506506506507,1.0,1.0,1.0,0.9473684210526315
0.06606606606606606,1.0,1.0,1.0,0.9473684210526315
0.06706706706706707,1.0,1.0,1.0,0.9473684210526315
0.06806806806806806,1.0,1.0,1.0,0.9473684210526315
0.06906906906906907,1.0,1.0,1.0,0.9473684210526315
0.07007007007007007,1.0,1.0,1.0,0.9473684210526315
0.07107107107107107,1.0,1.0,1.0,0.9473684210526315
0.07207207207207207,1.0,1.0,1.0,0.9473684210526315
0.07307307307307308,1.0,1.0,1.0,0.9473684210526315
0.07407407407407407,1.0,1.0,1.0,0.9473684210526315
0.07507507507507508,1.0,1.0,1.0,0.9473684210526315
0.07607607607607608,1.0,1.0,1.0,0.9473684210526315
0.07707707707707707,1.0,1.0,1.0,0.9473684210526315
0.07807807807807808,1.0,1.0,1.0,0.9473684210526315
0.07907907907907907,1.0,1.0,1.0,0.9473684210526315
0.08008008008008008,1.0,1.0,1.0,0.9473684210526315
0.08108108108108109,1.0,1.0,1.0,0.9473684210526315
0.08208208208208208,1.0,1.0,1.0,0.9473684210526315
0.08308308308308308,1.0,1.0,1.0,0.9473684210526315
0.08408408408408408,1.0,1.0,1.0,0.9473684210526315
0.08508508508508508,1.0,1.0,1.0,0.9473684210526315
0.08608608608608609,1.0,1.0,1.0,0.9473684210526315
0.08708708708708708,1.0,1.0,1.0,0.9473684210526315
0.08808808808808809,1.0,1.0,1.0,0.9473684210526315
0.0890890890890891,1.0,1.0,1.0,0.9473684210526315
0.09009009009009009,1.0,1.0,1.0,0.9473684210526315
0.09109109109109109,1.0,1.0,1.0,0.9473684210526315
0.0920920920920921,1.0,1.0,1.0,0.9473684210526315
0.09309309309309309,1.0,1.0,1.0,0.9473684210526315
0.0940940940940941,1.0,1.0,1.0,0.9473684210526315
0.09509509509509509,1.0,1.0,1.0,0.9473684210526315
0.0960960960960961,1.0,1.0,1.0,0.9473684210526315
0.0970970970970971,1.0,1.0,1.0,0.9473684210526315
0.0980980980980981,1.0,1.0,1.0,0.9473684210526315
0.0990990990990991,1.0,1.0,1.0,0.9473684210526315
0.10010010010010009,1.0,1.0,1.0,0.9473684210526315
0.1011011011011011,1.0,1.0,1.0,0.9473684210526315
0.1021021021021021,1.0,1.0,1.0,0.9473684210526315
0.1031031031031031,1.0,1.0,1.0,0.9473684210526315
0.1041041041041041,1.0,1.0,1.0,0.9473684210526315
0.10510510510510511,1.0,1.0,1.0,0.9473684210526315
0.1061061061061061,1.0,0.875,1.0,0.9473684210526315
0.10710710710710711,1.0,0.875,1.0,0.9473684210526315
0.10810810810810811,1.0,0.875,1.0,0.9473684210526315
0.1091091091091091,1.0,0.875,1.0,0.9473684210526315
0.11011011011011011,1.0,0.875,1.0,0.9473684210526315
0.1111111111111111,1.0,0.875,1.0,0.9473684210526315
0.11211211211211211,1.0,0.875,1.0,0.9473684210526315
0.11311311311311312,1.0,0.875,1.0,0.9473684210526315
0.11411411411411411,1.0,0.875,1.0,0.9473684210526315
0.11511511511511512,1.0,0.875,1.0,0.9473684210526315
0.11611611611611611,1.0,0.875,1.0,0.9473684210526315
0.11711711711711711,1.0,0.875,1.0,0.9473684210526315
0.11811811811811812,1.0,0.875,1.0,0.9473684210526315
0.11911911911911911,1.0,0.875,1.0,0.9473684210526315
0.12012012012012012,1.0,0.875,1.0,0.9473684210526315
0.12112112112112113,1.0,0.875,1.0,0.9473684210526315
0.12212212212212212,1.0,0.875,1.0,0.9473684210526315
0.12312312312312312,1.0,0.8571428571428571,1.0,0.9473684210526315
0.12412412412412413,1.0,0.8571428571428571,1.0,0.9473684210526315
0.12512512512512514,1.0,0.8571428571428571,1.0,0.9473684210526315
0.12612612612612611,1.0,0.8571428571428571,1.0,0.9473684210526315
0.12712712712712712,1.0,0.8571428571428571,1.0,0.9473684210526315
0.12812812812812813,1.0,0.8571428571428571,1.0,0.9473684210526315
0.12912912912912913,1.0,0.8571428571428571,1.0,0.9473684210526315
0.13013013013013014,1.0,0.8571428571428571,1.0,0.9473684210526315
0.13113113113113112,1.0,0.8571428571428571,1.0,0.9473684210526315
0.13213213213213212,1.0,0.8571428571428571,1.0,0.9473684210526315
0.13313313313313313,1.0,0.8571428571428571,1.0,0.9473684210526315
0.13413413413413414,1.0,0.8571428571428571,1.0,0.9473684210526315
0.13513513513513514,1.0,0.8571428571428571,1.0,0.9473684210526315
0.13613613613613612,1.0,0.8571428571428571,1.0,0.9473684210526315
0.13713713713713713,1.0,0.8571428571428571,1.0,0.9473684210526315
0.13813813813813813,1.0,0.8571428571428571,1.0,0.9473684210526315
0.13913913913913914,1.0,0.8571428571428571,1.0,0.9473684210526315
0.14014014014014015,1.0,0.8571428571428571,1.0,0.9473684210526315
0.14114114114114115,1.0,0.8571428571428571,1.0,0.9473684210526315
0.14214214214214213,1.0,0.8571428571428571,1.0,0.9473684210526315
0.14314314314314314,1.0,0.8571428571428571,1.0,0.9473684210526315
0.14414414414414414,1.0,0.8571428571428571,1.0,0.9473684210526315
0.14514514514514515,1.0,0.8571428571428571,1.0,0.9473684210526315
0.14614614614614616,1.0,0.8571428571428571,1.0,0.9473684210526315
0.14714714714714713,1.0,0.8571428571428571,1.0,0.9473684210526315
0.14814814814814814,1.0,0.8571428571428571,1.0,0.9473684210526315
0.14914914914914915,1.0,0.8571428571428571,1.0,0.9473684210526315
0.15015015015015015,1.0,0.8571428571428571,1.0,0.9473684210526315
0.15115115115115116,1.0,0.8571428571428571,1.0,0.9473684210526315
0.15215215215215216,1.0,0.8571428571428571,1.0,0.9473684210526315
0.15315315315315314,1.0,0.8571428571428571,1.0,0.9473684210526315
0.15415415415415415,1.0,0.8571428571428571,1.0,0.8260869565217391
0.15515515515515516,1.0,0.8571428571428571,1.0,0.8260869565217391
0.15615615615615616,1.0,0.8571428571428571,1.0,0.8260869565217391
0.15715715715715717,1.0,0.8571428571428571,1.0,0.8260869565217391
0.15815815815815815,1.0,0.8571428571428571,1.0,0.8260869565217391
0.15915915915915915,1.0,0.8571428571428571,1.0,0.8260869565217391
0.16016016016016016,1.0,0.8571428571428571,1.0,0.8260869565217391
0.16116116116116116,1.0,0.8571428571428571,1.0,0.8260869565217391
0.16216216216216217,1.0,0.8571428571428571,1.0,0.8260869565217391
0.16316316316316315,1.0,0.8571428571428571,1.0,0.8
0.16416416416416416,1.0,0.8571428571428571,1.0,0.8
0.16516516516516516,1.0,0.8571428571428571,1.0,0.8
0.16616616616616617,1.0,0.8571428571428571,1.0,0.8
0.16716716716716717,1.0,0.8571428571428571,1.0,0.8
0.16816816816816815,1.0,0.8571428571428571,1.0,0.8
0.16916916916916916,1.0,0.8571428571428571,1.0,0.8
0.17017017017017017,1.0,0.8571428571428571,1.0,0.8
0.17117117117117117,1.0,0.8571428571428571,1.0,0.78125
0.17217217217217218,1.0,0.8571428571428571,1.0,0.78125
0.17317317317317318,1.0,0.8571428571428571,1.0,0.78125
0.17417417417417416,1.0,0.8571428571428571,1.0,0.78125
0.17517517517517517,1.0,0.8571428571428571,1.0,0.78125
0.17617617617617617,1.0,0.8571428571428571,1.0,0.78125
0.17717717717717718,1.0,0.8571428571428571,1.0,0.78125
0.1781781781781782,1.0,0.8571428571428571,1.0,0.78125
0.17917917917917917,1.0,0.8571428571428571,1.0,0.78125
0.18018018018018017,1.0,0.8571428571428571,1.0,0.78125
0.18118118118118118,1.0,0.8571428571428571,1.0,0.78125
0.18218218218218218,1.0,0.8571428571428571,1.0,0.78125
0.1831831831831832,1.0,0.8571428571428571,1.0,0.78125
0.1841841841841842,1.0,0.8571428571428571,1.0,0.78125
0.18518518518518517,1.0,0.8571428571428571,1.0,0.78125
0.18618618618618618,1.0,0.8571428571428571,1.0,0.78125
0.1871871871871872,1.0,0.8571428571428571,1.0,0.78125
0.1881881881881882,1.0,0.8571428571428571,1.0,0.78125
0.1891891891891892,1.0,0.8571428571428571,1.0,0.78125
0.19019019019019018,1.0,0.8571428571428571,1.0,0.78125
0.19119119119119118,1.0,0.8571428571428571,1.0,0.78125
0.1921921921921922,1.0,0.8571428571428571,1.0,0.78125
0.1931931931931932,1.0,0.8571428571428571,1.0,0.78125
0.1941941941941942,1.0,0.8571428571428571,1.0,0.78125
0.19519519519519518,1.0,0.8571428571428571,1.0,0.78125
0.1961961961961962,1.0,0.8571428571428571,1.0,0.78125
0.1971971971971972,1.0,0.8571428571428571,1.0,0.78125
0.1981981981981982,1.0,0.8571428571428571,1.0,0.78125
0.1991991991991992,1.0,0.8571428571428571,1.0,0.78125
0.20020020020020018,1.0,0.8571428571428571,1.0,0.78125
0.2012012012012012,1.0,0.8571428571428571,1.0,0.78125
0.2022022022022022,1.0,0.8571428571428571,1.0,0.78125
0.2032032032032032,1.0,0.8571428571428571,1.0,0.78125
0.2042042042042042,1.0,0.8571428571428571,1.0,0.78125
0.20520520520520522,1.0,0.8571428571428571,1.0,0.78125
0.2062062062062062,1.0,0.8571428571428571,1.0,0.78125
0.2072072072072072,1.0,0.8571428571428571,1.0,0.78125
0.2082082082082082,1.0,0.8571428571428571,1.0,0.78125
0.2092092092092092,1.0,0.8571428571428571,1.0,0.78125
0.21021021021021022,1.0,0.8571428571428571,1.0,0.78125
0.2112112112112112,1.0,0.6842105263157895,1.0,0.78125
0.2122122122122122,1.0,0.6842105263157895,1.0,0.78125
0.2132132132132132,1.0,0.6842105263157895,1.0,0.78125
0.21421421421421422,1.0,0.6842105263157895,1.0,0.7647058823529411
0.21521521521521522,1.0,0.6842105263157895,1.0,0.7647058823529411
0.21621621621621623,1.0,0.6842105263157895,1.0,0.7647058823529411
0.2172172172172172,1.0,0.6842105263157895,1.0,0.7647058823529411
0.2182182182182182,1.0,0.6842105263157895,1.0,0.7647058823529411
0.21921921921921922,1.0,0.6842105263157895,1.0,0.7647058823529411
0.22022022022022023,1.0,0.6842105263157895,1.0,0.7647058823529411
0.22122122122122123,1.0,0.6842105263157895,1.0,0.7647058823529411
0.2222222222222222,1.0,0.6842105263157895,1.0,0.7368421052631579
0.22322322322322322,1.0,0.6842105263157895,1.0,0.7368421052631579
0.22422422422422422,1.0,0.6842105263157895,1.0,0.7368421052631579
0.22522522522522523,1.0,0.6842105263157895,1.0,0.7368421052631579
0.22622622622622623,1.0,0.6842105263157895,1.0,0.7368421052631579
0.2272272272272272,1.0,0.6842105263157895,1.0,0.7368421052631579
0.22822822822822822,1.0,0.6086956521739131,1.0,0.7368421052631579
0.22922922922922923,1.0,0.6086956521739131,1.0,0.7368421052631579
0.23023023023023023,1.0,0.6086956521739131,1.0,0.7368421052631579
0.23123123123123124,1.0,0.6086956521739131,1.0,0.7368421052631579
0.23223223223223222,1.0,0.6086956521739131,1.0,0.7368421052631579
0.23323323323323322,1.0,0.6086956521739131,1.0,0.7368421052631579
0.23423423423423423,1.0,0.6086956521739131,1.0,0.7368421052631579
0.23523523523523523,1.0,0.6086956521739131,1.0,0.7368421052631579
0.23623623623623624,1.0,0.6086956521739131,1.0,0.7368421052631579
0.23723723723723725,1.0,0.6086956521739131,1.0,0.7368421052631579
0.23823823823823823,1.0,0.6086956521739131,1.0,0.7368421052631579
0.23923923923923923,1.0,0.6086956521739131,1.0,0.7368421052631579
0.24024024024024024,1.0,0.6086956521739131,1.0,0.7209302325581395
0.24124124124124124,1.0,0.6086956521739131,1.0,0.7209302325581395
0.24224224224224225,1.0,0.6086956521739131,1.0,0.7209302325581395
0.24324324324324323,1.0,0.6086956521739131,1.0,0.7209302325581395
0.24424424424424424,1.0,0.6086956521739131,1.0,0.7209302325581395
0.24524524524524524,1.0,0.6086956521739131,1.0,0.7209302325581395
0.24624624624624625,1.0,0.5555555555555556,1.0,0.7209302325581395
0.24724724724724725,1.0,0.5555555555555556,1.0,0.7209302325581395
0.24824824824824826,1.0,0.5555555555555556,1.0,0.7209302325581395
0.24924924924924924,1.0,0.5555555555555556,1.0,0.7209302325581395
0.2502502502502503,1.0,0.5555555555555556,1.0,0.7209302325581395
0.25125125125125125,1.0,0.5555555555555556,1.0,0.7209302325581395
0.25225225225225223,1.0,0.5555555555555556,1.0,0.7209302325581395
0.25325325325325326,1.0,0.5555555555555556,1.0,0.7209302325581395
0.25425425425425424,1.0,0.5555555555555556,1.0,0.7209302325581395
0.2552552552552553,1.0,0.5555555555555556,1.0,0.7209302325581395
0.25625625625625625,1.0,0.5555555555555556,1.0,0.7209302325581395
0.25725725725725723,1.0,0.5555555555555556,1.0,0.7209302325581395
0.25825825825825827,1.0,0.5555555555555556,1.0,0.7209302325581395
0.25925925925925924,1.0,0.5555555555555556,1.0,0.7209302325581395
0.2602602602602603,1.0,0.5555555555555556,1.0,0.7209302325581395
0.26126126126126126,1.0,0.5555555555555556,1.0,0.7209302325581395
0.26226226226226224,1.0,0.5555555555555556,1.0,0.7209302325581395
0.26326326326326327,1.0,0.5161290322580645,1.0,0.7209302325581395
0.26426426426426425,1.0,0.5161290322580645,1.0,0.7209302325581395
0.2652652652652653,1.0,0.5161290322580645,1.0,0.6956521739130435
0.26626626626626626,1.0,0.5161290322580645,1.0,0.6956521739130435
0.26726726726726724,1.0,0.5161290322580645,1.0,0.6956521739130435
0.2682682682682683,1.0,0.5161290322580645,1.0,0.6956521739130435
0.26926926926926925,1.0,0.5161290322580645,1.0,0.6956521739130435
0.2702702702702703,1.0,0.5161290322580645,1.0,0.6956521739130435
0.27127127127127126,1.0,0.5161290322580645,1.0,0.6956521739130435
0.27227227227227224,1.0,0.5161290322580645,1.0,0.6956521739130435
0.2732732732732733,1.0,0.5161290322580645,1.0,0.6956521739130435
0.27427427427427425,1.0,0.5161290322580645,1.0,0.6666666666666666
0.2752752752752753,1.0,0.5161290322580645,1.0,0.6666666666666666
0.27627627627627627,1.0,0.5161290322580645,1.0,0.6666666666666666
0.2772772772772773,1.0,0.5161290322580645,1.0,0.6666666666666666
0.2782782782782783,1.0,0.5161290322580645,1.0,0.6666666666666666
0.27927927927927926,1.0,0.5161290322580645,1.0,0.6666666666666666
0.2802802802802803,1.0,0.5161290322580645,1.0,0.6666666666666666
0.28128128128128127,1.0,0.42028985507246375,1.0,0.6666666666666666
0.2822822822822823,1.0,0.42028985507246375,1.0,0.6666666666666666
0.2832832832832833,1.0,0.42028985507246375,1.0,0.6666666666666666
0.28428428428428426,1.0,0.42028985507246375,1.0,0.6666666666666666
0.2852852852852853,1.0,0.42028985507246375,1.0,0.6666666666666666
0.2862862862862863,1.0,0.42028985507246375,1.0,0.6666666666666666
0.2872872872872873,1.0,0.42028985507246375,1.0,0.6666666666666666
0.2882882882882883,1.0,0.42028985507246375,1.0,0.6666666666666666
0.28928928928928926,1.0,0.42028985507246375,1.0,0.6666666666666666
0.2902902902902903,1.0,0.42028985507246375,1.0,0.6666666666666666
0.2912912912912913,1.0,0.42028985507246375,1.0,0.6666666666666666
0.2922922922922923,1.0,0.42028985507246375,1.0,0.6666666666666666
0.2932932932932933,1.0,0.42028985507246375,1.0,0.6666666666666666
0.29429429429429427,1.0,0.42028985507246375,1.0,0.6666666666666666
0.2952952952952953,1.0,0.42028985507246375,1.0,0.6666666666666666
0.2962962962962963,1.0,0.42028985507246375,1.0,0.6666666666666666
0.2972972972972973,1.0,0.42028985507246375,1.0,0.6666666666666666
0.2982982982982983,1.0,0.42028985507246375,1.0,0.6666666666666666
0.29929929929929927,1.0,0.42028985507246375,1.0,0.6666666666666666
0.3003003003003003,1.0,0.42028985507246375,1.0,0.6666666666666666
0.3013013013013013,1.0,0.42028985507246375,1.0,0.6666666666666666
0.3023023023023023,1.0,0.42028985507246375,1.0,0.6666666666666666
0.3033033033033033,1.0,0.42028985507246375,1.0,0.6666666666666666
0.30430430430430433,1.0,0.42028985507246375,1.0,0.6666666666666666
0.3053053053053053,1.0,0.42028985507246375,1.0,0.6666666666666666
0.3063063063063063,1.0,0.42028985507246375,1.0,0.6666666666666666
0.3073073073073073,1.0,0.42028985507246375,1.0,0.6666666666666666
0.3083083083083083,1.0,0.42028985507246375,1.0,0.6666666666666666
0.30930930930930933,1.0,0.42028985507246375,1.0,0.6666666666666666
0.3103103103103103,1.0,0.42028985507246375,1.0,0.6666666666666666
0.3113113113113113,1.0,0.42028985507246375,1.0,0.6666666666666666
0.3123123123123123,1.0,0.42028985507246375,1.0,0.6666666666666666
0.3133133133133133,1.0,0.42028985507246375,1.0,0.6666666666666666
0.31431431431431434,1.0,0.42028985507246375,1.0,0.6666666666666666
0.3153153153153153,1.0,0.42028985507246375,1.0,0.6666666666666666
0.3163163163163163,1.0,0.42028985507246375,1.0,0.6666666666666666
0.3173173173173173,1.0,0.42028985507246375,1.0,0.6666666666666666
0.3183183183183183,1.0,0.42028985507246375,1.0,0.6666666666666666
0.31931931931931934,1.0,0.42028985507246375,1.0,0.6666666666666666
0.3203203203203203,1.0,0.42028985507246375,1.0,0.6666666666666666
0.3213213213213213,1.0,0.42028985507246375,1.0,0.6666666666666666
0.32232232232232233,1.0,0.42028985507246375,1.0,0.6666666666666666
0.3233233233233233,1.0,0.42028985507246375,1.0,0.6666666666666666
0.32432432432432434,1.0,0.42028985507246375,1.0,0.6666666666666666
0.3253253253253253,1.0,0.42028985507246375,1.0,0.6190476190476191
0.3263263263263263,1.0,0.42028985507246375,1.0,0.6190476190476191
0.32732732732732733,1.0,0.42028985507246375,1.0,0.6190476190476191
0.3283283283283283,1.0,0.42028985507246375,1.0,0.6190476190476191
0.32932932932932935,1.0,0.42028985507246375,1.0,0.6190476190476191
0.3303303303303303,1.0,0.42028985507246375,1.0,0.6190476190476191
0.3313313313313313,1.0,0.42028985507246375,1.0,0.6190476190476191
0.33233233233233234,1.0,0.42028985507246375,1.0,0.6190476190476191
0.3333333333333333,1.0,0.42028985507246375,1.0,0.6119402985074627
0.33433433433433435,1.0,0.42028985507246375,1.0,0.6119402985074627
0.3353353353353353,1.0,0.42028985507246375,1.0,0.6119402985074627
0.3363363363363363,1.0,0.42028985507246375,1.0,0.6119402985074627
0.33733733733733734,1.0,0.42028985507246375,1.0,0.6119402985074627
0.3383383383383383,1.0,0.42028985507246375,1.0,0.6119402985074627
0.33933933933933935,1.0,0.42028985507246375,1.0,0.6119402985074627
0.34034034034034033,1.0,0.42028985507246375,1.0,0.6119402985074627
0.34134134134134136,1.0,0.42028985507246375,1.0,0.6119402985074627
0.34234234234234234,1.0,0.42028985507246375,1.0,0.6119402985074627
0.3433433433433433,1.0,0.42028985507246375,1.0,0.6119402985074627
0.34434434434434436,1.0,0.42028985507246375,1.0,0.6119402985074627
0.34534534534534533,1.0,0.42028985507246375,1.0,0.6119402985074627
0.34634634634634637,1.0,0.42028985507246375,1.0,0.6119402985074627
0.34734734734734735,1.0,0.42028985507246375,1.0,0.6119402985074627
0.3483483483483483,1.0,0.42028985507246375,1.0,0.6119402985074627
0.34934934934934936,1.0,0.42028985507246375,1.0,0.6119402985074627
0.35035035035035034,1.0,0.42028985507246375,1.0,0.6119402985074627
0.35135135135135137,1.0,0.42028985507246375,1.0,0.6
0.35235235235235235,1.0,0.42028985507246375,1.0,0.6
0.3533533533533533,1.0,0.42028985507246375,1.0,0.6
0.35435435435435436,1.0,0.42028985507246375,1.0,0.6
0.35535535535535534,1.0,0.42028985507246375,1.0,0.6
0.3563563563563564,1.0,0.42028985507246375,1.0,0.6
0.35735735735735735,1.0,0.42028985507246375,1.0,0.6
0.35835835835835833,1.0,0.42028985507246375,1.0,0.6
0.35935935935935936,1.0,0.42028985507246375,1.0,0.5972222222222222
0.36036036036036034,1.0,0.42028985507246375,1.0,0.5972222222222222
0.3613613613613614,1.0,0.42028985507246375,1.0,0.5972222222222222
0.36236236236236236,1.0,0.42028985507246375,1.0,0.5972222222222222
0.36336336336336333,1.0,0.42028985507246375,1.0,0.5972222222222222
0.36436436436436437,1.0,0.42028985507246375,1.0,0.5972222222222222
0.36536536536536535,1.0,0.42028985507246375,1.0,0.5972222222222222
0.3663663663663664,1.0,0.42028985507246375,1.0,0.5972222222222222
0.36736736736736736,1.0,0.42028985507246375,1.0,0.5972222222222222
0.3683683683683684,1.0,0.42028985507246375,1.0,0.5822784810126582
0.36936936936936937,1.0,0.42028985507246375,1.0,0.5822784810126582
0.37037037037037035,1.0,0.42028985507246375,1.0,0.5822784810126582
0.3713713713713714,1.0,0.42028985507246375,1.0,0.5822784810126582
0.37237237237237236,1.0,0.42028985507246375,1.0,0.5822784810126582
0.3733733733733734,1.0,0.42028985507246375,1.0,0.5822784810126582
0.3743743743743744,1.0,0.42028985507246375,1.0,0.5822784810126582
0.37537537537537535,1.0,0.42028985507246375,1.0,0.5822784810126582
0.3763763763763764,1.0,0.42028985507246375,1.0,0.5822784810126582
0.37737737737737737,1.0,0.42028985507246375,1.0,0.5822784810126582
0.3783783783783784,1.0,0.42028985507246375,1.0,0.5822784810126582
0.3793793793793794,1.0,0.42028985507246375,1.0,0.5822784810126582
0.38038038038038036,1.0,0.42028985507246375,1.0,0.5822784810126582
0.3813813813813814,1.0,0.42028985507246375,1.0,0.5822784810126582
0.38238238238238237,1.0,0.42028985507246375,1.0,0.5822784810126582
0.3833833833833834,1.0,0.42028985507246375,1.0,0.5822784810126582
0.3843843843843844,1.0,0.42028985507246375,1.0,0.5822784810126582
0.38538538538538536,1.0,0.42028985507246375,1.0,0.5822784810126582
0.3863863863863864,1.0,0.42028985507246375,1.0,0.5822784810126582
0.38738738738738737,1.0,0.42028985507246375,1.0,0.5822784810126582
0.3883883883883884,1.0,0.42028985507246375,1.0,0.5822784810126582
0.3893893893893894,1.0,0.42028985507246375,1.0,0.5822784810126582
0.39039039039039036,1.0,0.42028985507246375,1.0,0.5822784810126582
0.3913913913913914,1.0,0.42028985507246375,1.0,0.5822784810126582
0.3923923923923924,1.0,0.42028985507246375,1.0,0.5822784810126582
0.3933933933933934,1.0,0.42028985507246375,1.0,0.5465116279069767
0.3943943943943944,1.0,0.42028985507246375,1.0,0.5465116279069767
0.39539539539539537,1.0,0.42028985507246375,1.0,0.5465116279069767
0.3963963963963964,1.0,0.42028985507246375,1.0,0.5465116279069767
0.3973973973973974,1.0,0.42028985507246375,1.0,0.5465116279069767
0.3983983983983984,1.0,0.42028985507246375,1.0,0.5465116279069767
0.3993993993993994,1.0,0.42028985507246375,1.0,0.5465116279069767
0.40040040040040037,1.0,0.42028985507246375,1.0,0.5465116279069767
0.4014014014014014,1.0,0.42028985507246375,1.0,0.5465116279069767
0.4024024024024024,1.0,0.42028985507246375,1.0,0.5454545454545454
0.4034034034034034,1.0,0.42028985507246375,1.0,0.5454545454545454
0.4044044044044044,1.0,0.42028985507246375,1.0,0.5454545454545454
0.40540540540540543,1.0,0.42028985507246375,1.0,0.5454545454545454
0.4064064064064064,1.0,0.42028985507246375,1.0,0.5454545454545454
0.4074074074074074,1.0,0.42028985507246375,1.0,0.5454545454545454
0.4084084084084084,1.0,0.42028985507246375,1.0,0.5454545454545454
0.4094094094094094,1.0,0.42028985507246375,1.0,0.5454545454545454
0.41041041041041043,1.0,0.42028985507246375,1.0,0.5384615384615384
0.4114114114114114,1.0,0.42028985507246375,1.0,0.5384615384615384
0.4124124124124124,1.0,0.42028985507246375,1.0,0.5384615384615384
0.4134134134134134,1.0,0.42028985507246375,1.0,0.5384615384615384
0.4144144144144144,1.0,0.42028985507246375,1.0,0.5384615384615384
0.41541541541541543,1.0,0.42028985507246375,1.0,0.5384615384615384
0.4164164164164164,1.0,0.42028985507246375,1.0,0.5384615384615384
0.4174174174174174,1.0,0.42028985507246375,1.0,0.5384615384615384
0.4184184184184184,1.0,0.42028985507246375,1.0,0.5384615384615384
0.4194194194194194,1.0,0.42028985507246375,1.0,0.5154639175257731
0.42042042042042044,1.0,0.42028985507246375,1.0,0.5154639175257731
0.4214214214214214,1.0,0.42028985507246375,1.0,0.5154639175257731
0.4224224224224224,1.0,0.42028985507246375,1.0,0.5154639175257731
0.42342342342342343,1.0,0.42028985507246375,1.0,0.5154639175257731
0.4244244244244244,1.0,0.42028985507246375,1.0,0.5154639175257731
0.42542542542542544,1.0,0.42028985507246375,1.0,0.5154639175257731
0.4264264264264264,1.0,0.42028985507246375,1.0,0.5154639175257731
0.4274274274274274,1.0,0.42028985507246375,1.0,0.51
0.42842842842842843,1.0,0.42028985507246375,1.0,0.51
0.4294294294294294,1.0,0.42028985507246375,1.0,0.51
0.43043043043043044,1.0,0.42028985507246375,1.0,0.51
0.4314314314314314,1.0,0.42028985507246375,1.0,0.51
0.43243243243243246,1.0,0.42028985507246375,1.0,0.51
0.43343343343343343,1.0,0.42028985507246375,1.0,0.51
0.4344344344344344,1.0,0.42028985507246375,1.0,0.51
0.43543543543543545,1.0,0.42028985507246375,1.0,0.51
0.4364364364364364,1.0,0.42028985507246375,1.0,0.49523809523809526
0.43743743743743746,1.0,0.42028985507246375,1.0,0.49523809523809526
0.43843843843843844,1.0,0.42028985507246375,1.0,0.49523809523809526
0.4394394394394394,1.0,0.42028985507246375,0.9841269841269841,0.49523809523809526
0.44044044044044045,1.0,0.42028985507246375,0.9841269841269841,0.49523809523809526
0.44144144144144143,1.0,0.42028985507246375,0.9841269841269841,0.49523809523809526
0.44244244244244246,1.0,0.42028985507246375,0.9841269841269841,0.49523809523809526
0.44344344344344344,1.0,0.42028985507246375,0.9841269841269841,0.49523809523809526
0.4444444444444444,1.0,0.42028985507246375,0.9841269841269841,0.49137931034482757
0.44544544544544545,1.0,0.42028985507246375,0.9841269841269841,0.49137931034482757
0.44644644644644643,1.0,0.42028985507246375,0.9841269841269841,0.49137931034482757
0.44744744744744747,1.0,0.42028985507246375,0.9841269841269841,0.49137931034482757
0.44844844844844844,1.0,0.42028985507246375,0.9841269841269841,0.49137931034482757
0.4494494494494494,1.0,0.42028985507246375,0.9841269841269841,0.49137931034482757
0.45045045045045046,1.0,0.42028985507246375,0.9841269841269841,0.49137931034482757
0.45145145145145144,1.0,0.42028985507246375,0.9841269841269841,0.49137931034482757
0.45245245245245247,1.0,0.42028985507246375,0.9841269841269841,0.49137931034482757
0.45345345345345345,1.0,0.42028985507246375,0.9841269841269841,0.49137931034482757
0.4544544544544544,1.0,0.42028985507246375,0.9841269841269841,0.49137931034482757
0.45545545545545546,1.0,0.42028985507246375,0.9841269841269841,0.49137931034482757
0.45645645645645644,1.0,0.42028985507246375,0.9841269841269841,0.49137931034482757
0.4574574574574575,1.0,0.42028985507246375,0.9841269841269841,0.49137931034482757
0.45845845845845845,1.0,0.42028985507246375,0.9841269841269841,0.49137931034482757
0.45945945945945943,1.0,0.42028985507246375,0.9841269841269841,0.49137931034482757
0.46046046046046046,1.0,0.42028985507246375,0.9841269841269841,0.49137931034482757
0.46146146146146144,1.0,0.42028985507246375,0.9841269841269841,0.49137931034482757
0.4624624624624625,1.0,0.42028985507246375,0.9841269841269841,0.49137931034482757
0.46346346346346345,1.0,0.42028985507246375,0.9841269841269841,0.49137931034482757
0.46446446446446443,1.0,0.42028985507246375,0.9841269841269841,0.49137931034482757
0.46546546546546547,1.0,0.42028985507246375,0.9841269841269841,0.49137931034482757
0.46646646646646645,1.0,0.42028985507246375,0.9841269841269841,0.49137931034482757
0.4674674674674675,1.0,0.42028985507246375,0.9841269841269841,0.49137931034482757
0.46846846846846846,1.0,0.42028985507246375,0.9841269841269841,0.49137931034482757
0.4694694694694695,1.0,0.42028985507246375,0.9841269841269841,0.49137931034482757
0.47047047047047047,1.0,0.42028985507246375,0.9841269841269841,0.49137931034482757
0.47147147147147145,1.0,0.42028985507246375,0.9841269841269841,0.49137931034482757
0.4724724724724725,1.0,0.42028985507246375,0.9841269841269841,0.49137931034482757
0.47347347347347346,1.0,0.42028985507246375,0.9841269841269841,0.49137931034482757
0.4744744744744745,1.0,0.42028985507246375,0.9841269841269841,0.49137931034482757
0.4754754754754755,1.0,0.42028985507246375,0.9841269841269841,0.49137931034482757
0.47647647647647645,1.0,0.42028985507246375,0.9841269841269841,0.49137931034482757
0.4774774774774775,1.0,0.42028985507246375,0.9841269841269841,0.49137931034482757
0.47847847847847846,1.0,0.42028985507246375,0.9841269841269841,0.49137931034482757
0.4794794794794795,1.0,0.42028985507246375,0.9841269841269841,0.49137931034482757
0.4804804804804805,1.0,0.42028985507246375,0.9841269841269841,0.49137931034482757
0.48148148148148145,1.0,0.42028985507246375,0.9841269841269841,0.49137931034482757
0.4824824824824825,1.0,0.42028985507246375,0.9841269841269841,0.49137931034482757
0.48348348348348347,1.0,0.42028985507246375,0.9841269841269841,0.49137931034482757
0.4844844844844845,1.0,0.42028985507246375,0.9841269841269841,0.49137931034482757
0.4854854854854855,1.0,0.42028985507246375,0.9841269841269841,0.49137931034482757
0.48648648648648646,1.0,0.42028985507246375,0.9841269841269841,0.49137931034482757
0.4874874874874875,1.0,0.42028985507246375,0.9841269841269841,0.4796747967479675
0.48848848848848847,1.0,0.42028985507246375,0.9841269841269841,0.4796747967479675
0.4894894894894895,1.0,0.42028985507246375,0.9841269841269841,0.4796747967479675
0.4904904904904905,1.0,0.42028985507246375,0.9841269841269841,0.4796747967479675
0.49149149149149146,1.0,0.42028985507246375,0.9841269841269841,0.4796747967479675
0.4924924924924925,1.0,0.42028985507246375,0.9841269841269841,0.4796747967479675
0.4934934934934935,1.0,0.42028985507246375,0.9841269841269841,0.4796747967479675
0.4944944944944945,1.0,0.42028985507246375,0.9841269841269841,0.4796747967479675
0.4954954954954955,1.0,0.42028985507246375,0.9841269841269841,0.4796747967479675
0.4964964964964965,1.0,0.42028985507246375,0.9841269841269841,0.4796747967479675
0.4974974974974975,1.0,0.42028985507246375,0.9841269841269841,0.4796747967479675
0.4984984984984985,1.0,0.42028985507246375,0.9841269841269841,0.4796747967479675
0.4994994994994995,1.0,0.42028985507246375,0.9841269841269841,0.4796747967479675
0.5005005005005005,1.0,0.42028985507246375,0.9841269841269841,0.4796747967479675
0.5015015015015015,1.0,0.42028985507246375,0.9841269841269841,0.4796747967479675
0.5025025025025025,1.0,0.42028985507246375,0.9841269841269841,0.4796747967479675
0.5035035035035035,1.0,0.42028985507246375,0.9841269841269841,0.4796747967479675
0.5045045045045045,1.0,0.42028985507246375,0.9841269841269841,0.4728682170542636
0.5055055055055055,1.0,0.42028985507246375,0.9841269841269841,0.4728682170542636
0.5065065065065065,1.0,0.42028985507246375,0.9841269841269841,0.4728682170542636
0.5075075075075075,1.0,0.42028985507246375,0.9841269841269841,0.4728682170542636
0.5085085085085085,1.0,0.42028985507246375,0.9841269841269841,0.4728682170542636
0.5095095095095095,1.0,0.37349397590361444,0.9841269841269841,0.4728682170542636
0.5105105105105106,1.0,0.37349397590361444,0.9841269841269841,0.4728682170542636
0.5115115115115115,1.0,0.37349397590361444,0.9841269841269841,0.4728682170542636
0.5125125125125125,1.0,0.37349397590361444,0.9841269841269841,0.4728682170542636
0.5135135135135135,1.0,0.37349397590361444,0.9841269841269841,0.4728682170542636
0.5145145145145145,1.0,0.37349397590361444,0.9841269841269841,0.4728682170542636
0.5155155155155156,1.0,0.37349397590361444,0.9841269841269841,0.4728682170542636
0.5165165165165165,1.0,0.37349397590361444,0.9841269841269841,0.4728682170542636
0.5175175175175175,1.0,0.37349397590361444,0.9841269841269841,0.4728682170542636
0.5185185185185185,1.0,0.37349397590361444,0.9841269841269841,0.4728682170542636
0.5195195195195195,1.0,0.37349397590361444,0.9841269841269841,0.4728682170542636
0.5205205205205206,1.0,0.37349397590361444,0.9841269841269841,0.4728682170542636
0.5215215215215215,1.0,0.37349397590361444,0.9841269841269841,0.4701492537313433
0.5225225225225225,1.0,0.37349397590361444,0.9841269841269841,0.4701492537313433
0.5235235235235235,1.0,0.37349397590361444,0.9841269841269841,0.4701492537313433
0.5245245245245245,1.0,0.37349397590361444,0.9841269841269841,0.4701492537313433
0.5255255255255256,1.0,0.37349397590361444,0.9841269841269841,0.4701492537313433
0.5265265265265265,1.0,0.37349397590361444,0.9841269841269841,0.4701492537313433
0.5275275275275275,1.0,0.37349397590361444,0.9841269841269841,0.4701492537313433
0.5285285285285285,1.0,0.37349397590361444,0.9841269841269841,0.4701492537313433
0.5295295295295295,1.0,0.37349397590361444,0.9841269841269841,0.4701492537313433
0.5305305305305306,1.0,0.37349397590361444,0.9841269841269841,0.4701492537313433
0.5315315315315315,1.0,0.37349397590361444,0.9841269841269841,0.4701492537313433
0.5325325325325325,1.0,0.37349397590361444,0.9841269841269841,0.4701492537313433
0.5335335335335335,1.0,0.37349397590361444,0.9841269841269841,0.4701492537313433
0.5345345345345345,1.0,0.37349397590361444,0.9841269841269841,0.4701492537313433
0.5355355355355356,1.0,0.37349397590361444,0.9841269841269841,0.4701492537313433
0.5365365365365365,1.0,0.37349397590361444,0.9841269841269841,0.4701492537313433
0.5375375375375375,1.0,0.37349397590361444,0.9841269841269841,0.4701492537313433
0.5385385385385385,1.0,0.37349397590361444,0.9841269841269841,0.44755244755244755
0.5395395395395395,1.0,0.37349397590361444,0.9841269841269841,0.44755244755244755
0.5405405405405406,1.0,0.37349397590361444,0.9841269841269841,0.44755244755244755
0.5415415415415415,1.0,0.37349397590361444,0.9841269841269841,0.44755244755244755
0.5425425425425425,1.0,0.37349397590361444,0.9841269841269841,0.44755244755244755
0.5435435435435435,1.0,0.37349397590361444,0.9841269841269841,0.44755244755244755
0.5445445445445445,1.0,0.34408602150537637,0.9841269841269841,0.44755244755244755
0.5455455455455456,1.0,0.34408602150537637,0.9841269841269841,0.44755244755244755
0.5465465465465466,1.0,0.34408602150537637,0.9841269841269841,0.44755244755244755
0.5475475475475475,1.0,0.34408602150537637,0.9841269841269841,0.4452054794520548
0.5485485485485485,1.0,0.34408602150537637,0.9841269841269841,0.4452054794520548
0.5495495495495496,1.0,0.34408602150537637,0.9841269841269841,0.4452054794520548
0.5505505505505506,1.0,0.34408602150537637,0.9841269841269841,0.4452054794520548
0.5515515515515516,1.0,0.34408602150537637,0.9841269841269841,0.4452054794520548
0.5525525525525525,1.0,0.34408602150537637,0.9841269841269841,0.4452054794520548
0.5535535535535535,1.0,0.34408602150537637,0.9841269841269841,0.4452054794520548
0.5545545545545546,1.0,0.34408602150537637,0.9841269841269841,0.4452054794520548
0.5555555555555556,1.0,0.34408602150537637,0.9841269841269841,0.432258064516129
0.5565565565565566,1.0,0.34408602150537637,0.9841269841269841,0.432258064516129
0.5575575575575575,1.0,0.34408602150537637,0.9841269841269841,0.432258064516129
0.5585585585585585,1.0,0.34408602150537637,0.9841269841269841,0.432258064516129
0.5595595595595596,1.0,0.34408602150537637,0.9841269841269841,0.432258064516129
0.5605605605605606,1.0,0.34408602150537637,0.9841269841269841,0.432258064516129
0.5615615615615616,1.0,0.3402061855670103,0.9841269841269841,0.432258064516129
0.5625625625625625,1.0,0.3402061855670103,0.9841269841269841,0.432258064516129
0.5635635635635635,1.0,0.3402061855670103,0.9841269841269841,0.432258064516129
0.5645645645645646,1.0,0.3402061855670103,0.9841269841269841,0.432258064516129
0.5655655655655656,1.0,0.3402061855670103,0.9841269841269841,0.432258064516129
0.5665665665665666,1.0,0.3402061855670103,0.9841269841269841,0.432258064516129
0.5675675675675675,1.0,0.3402061855670103,0.9841269841269841,0.432258064516129
0.5685685685685685,1.0,0.3402061855670103,0.9841269841269841,0.432258064516129
0.5695695695695696,1.0,0.3402061855670103,0.9841269841269841,0.432258064516129
0.5705705705705706,1.0,0.3402061855670103,0.9841269841269841,0.432258064516129
0.5715715715715716,1.0,0.3402061855670103,0.9841269841269841,0.432258064516129
0.5725725725725725,1.0,0.3402061855670103,0.9841269841269841,0.432258064516129
0.5735735735735735,1.0,0.3402061855670103,0.9841269841269841,0.43037974683544306
0.5745745745745746,1.0,0.3402061855670103,0.9841269841269841,0.43037974683544306
0.5755755755755756,1.0,0.3402061855670103,0.9841269841269841,0.43037974683544306
0.5765765765765766,1.0,0.3402061855670103,0.9841269841269841,0.43037974683544306
0.5775775775775776,1.0,0.3402061855670103,0.9841269841269841,0.43037974683544306
0.5785785785785785,1.0,0.3402061855670103,0.9841269841269841,0.43037974683544306
0.5795795795795796,1.0,0.32432432432432434,0.9761904761904762,0.43037974683544306
0.5805805805805806,1.0,0.32432432432432434,0.9761904761904762,0.43037974683544306
0.5815815815815816,1.0,0.32432432432432434,0.9761904761904762,0.42857142857142855
0.5825825825825826,1.0,0.32432432432432434,0.9761904761904762,0.42857142857142855
0.5835835835835835,1.0,0.32432432432432434,0.9761904761904762,0.42857142857142855
0.5845845845845846,1.0,0.32432432432432434,0.9761904761904762,0.42857142857142855
0.5855855855855856,1.0,0.32432432432432434,0.9761904761904762,0.42857142857142855
0.5865865865865866,1.0,0.32432432432432434,0.9761904761904762,0.42857142857142855
0.5875875875875876,1.0,0.32432432432432434,0.9761904761904762,0.42857142857142855
0.5885885885885885,1.0,0.32432432432432434,0.9761904761904762,0.42857142857142855
0.5895895895895896,1.0,0.32432432432432434,0.9761904761904762,0.42857142857142855
0.5905905905905906,1.0,0.32432432432432434,0.9761904761904762,0.40229885057471265
0.5915915915915916,1.0,0.32432432432432434,0.9761904761904762,0.40229885057471265
0.5925925925925926,1.0,0.32432432432432434,0.9761904761904762,0.40229885057471265
0.5935935935935935,1.0,0.32432432432432434,0.9761904761904762,0.40229885057471265
0.5945945945945946,1.0,0.32432432432432434,0.9761904761904762,0.40229885057471265
0.5955955955955956,1.0,0.32432432432432434,0.9761904761904762,0.40229885057471265
0.5965965965965966,1.0,0.32432432432432434,0.9761904761904762,0.40229885057471265
0.5975975975975976,1.0,0.32432432432432434,0.9761904761904762,0.40229885057471265
0.5985985985985985,1.0,0.32432432432432434,0.9761904761904762,0.4022346368715084
0.5995995995995996,1.0,0.32432432432432434,0.9761904761904762,0.4022346368715084
0.6006006006006006,1.0,0.32432432432432434,0.9761904761904762,0.4022346368715084
0.6016016016016016,1.0,0.32432432432432434,0.9761904761904762,0.4022346368715084
0.6026026026026026,1.0,0.32432432432432434,0.9761904761904762,0.4022346368715084
0.6036036036036035,1.0,0.32432432432432434,0.9761904761904762,0.4022346368715084
0.6046046046046046,1.0,0.32432432432432434,0.9761904761904762,0.4022346368715084
0.6056056056056056,1.0,0.32432432432432434,0.9761904761904762,0.4022346368715084
0.6066066066066066,1.0,0.32432432432432434,0.9761904761904762,0.4022346368715084
0.6076076076076076,1.0,0.32432432432432434,0.9761904761904762,0.4022346368715084
0.6086086086086087,1.0,0.32432432432432434,0.9761904761904762,0.4022346368715084
0.6096096096096096,1.0,0.32432432432432434,0.9761904761904762,0.4022346368715084
0.6106106106106106,1.0,0.32432432432432434,0.9761904761904762,0.4022346368715084
0.6116116116116116,1.0,0.32432432432432434,0.9761904761904762,0.4022346368715084
0.6126126126126126,1.0,0.32432432432432434,0.9761904761904762,0.4022346368715084
0.6136136136136137,1.0,0.32432432432432434,0.9761904761904762,0.4022346368715084
0.6146146146146146,1.0,0.32432432432432434,0.9761904761904762,0.4022346368715084
0.6156156156156156,1.0,0.32432432432432434,0.9761904761904762,0.3945945945945946
0.6166166166166166,1.0,0.32432432432432434,0.9761904761904762,0.3945945945945946
0.6176176176176176,1.0,0.32432432432432434,0.9761904761904762,0.3945945945945946
0.6186186186186187,1.0,0.32432432432432434,0.9761904761904762,0.3945945945945946
0.6196196196196196,1.0,0.32432432432432434,0.9761904761904762,0.3945945945945946
0.6206206206206206,1.0,0.32432432432432434,0.9761904761904762,0.3945945945945946
0.6216216216216216,1.0,0.32432432432432434,0.9761904761904762,0.3945945945945946
0.6226226226226226,1.0,0.32432432432432434,0.9761904761904762,0.3945945945945946
0.6236236236236237,1.0,0.32432432432432434,0.9761904761904762,0.3945945945945946
0.6246246246246246,1.0,0.32432432432432434,0.9761904761904762,0.3894736842105263
0.6256256256256256,1.0,0.32432432432432434,0.9761904761904762,0.3894736842105263
0.6266266266266266,1.0,0.32432432432432434,0.9761904761904762,0.3894736842105263
0.6276276276276276,1.0,0.32432432432432434,0.9761904761904762,0.3894736842105263
0.6286286286286287,1.0,0.32432432432432434,0.9761904761904762,0.3894736842105263
0.6296296296296297,1.0,0.32432432432432434,0.9761904761904762,0.3894736842105263
0.6306306306306306,1.0,0.32432432432432434,0.9761904761904762,0.3894736842105263
0.6316316316316316,1.0,0.30158730158730157,0.9761904761904762,0.3894736842105263
0.6326326326326326,1.0,0.30158730158730157,0.9761904761904762,0.36893203883495146
0.6336336336336337,1.0,0.30158730158730157,0.9761904761904762,0.36893203883495146
0.6346346346346347,1.0,0.30158730158730157,0.9761904761904762,0.36893203883495146
0.6356356356356356,1.0,0.30158730158730157,0.9761904761904762,0.36893203883495146
0.6366366366366366,1.0,0.30158730158730157,0.9761904761904762,0.36893203883495146
0.6376376376376376,1.0,0.30158730158730157,0.9761904761904762,0.36893203883495146
0.6386386386386387,1.0,0.30158730158730157,0.9761904761904762,0.36893203883495146
0.6396396396396397,1.0,0.30158730158730157,0.9761904761904762,0.36893203883495146
0.6406406406406406,1.0,0.30158730158730157,0.9761904761904762,0.36893203883495146
0.6416416416416416,1.0,0.30158730158730157,0.9761904761904762,0.36893203883495146
0.6426426426426426,1.0,0.30158730158730157,0.9761904761904762,0.36893203883495146
0.6436436436436437,1.0,0.30158730158730157,0.9761904761904762,0.36893203883495146
0.6446446446446447,1.0,0.30158730158730157,0.9761904761904762,0.36893203883495146
0.6456456456456456,1.0,0.30158730158730157,0.9761904761904762,0.36893203883495146
0.6466466466466466,1.0,0.30158730158730157,0.9761904761904762,0.36893203883495146
0.6476476476476476,1.0,0.30158730158730157,0.9761904761904762,0.36893203883495146
0.6486486486486487,1.0,0.30158730158730157,0.9761904761904762,0.36893203883495146
0.6496496496496497,1.0,0.30158730158730157,0.9761904761904762,0.36666666666666664
0.6506506506506506,1.0,0.30158730158730157,0.9761904761904762,0.36666666666666664
0.6516516516516516,1.0,0.30158730158730157,0.9761904761904762,0.36666666666666664
0.6526526526526526,1.0,0.30158730158730157,0.9761904761904762,0.36666666666666664
0.6536536536536537,1.0,0.30158730158730157,0.9761904761904762,0.36666666666666664
0.6546546546546547,1.0,0.30158730158730157,0.9761904761904762,0.36666666666666664
0.6556556556556556,1.0,0.30158730158730157,0.9761904761904762,0.36666666666666664
0.6566566566566566,1.0,0.30158730158730157,0.9761904761904762,0.36666666666666664
0.6576576576576576,1.0,0.30158730158730157,0.9761904761904762,0.36666666666666664
0.6586586586586587,1.0,0.30158730158730157,0.9761904761904762,0.3561643835616438
0.6596596596596597,1.0,0.30158730158730157,0.9761904761904762,0.3561643835616438
0.6606606606606606,1.0,0.30158730158730157,0.9761904761904762,0.3561643835616438
0.6616616616616616,1.0,0.30158730158730157,0.9761904761904762,0.3561643835616438
0.6626626626626626,1.0,0.30158730158730157,0.9761904761904762,0.3561643835616438
0.6636636636636637,1.0,0.30158730158730157,0.9761904761904762,0.3561643835616438
0.6646646646646647,1.0,0.30158730158730157,0.9761904761904762,0.3561643835616438
0.6656656656656657,1.0,0.30158730158730157,0.9761904761904762,0.3561643835616438
0.6666666666666666,1.0,0.29545454545454547,0.9761904761904762,0.35267857142857145
0.6676676676676676,1.0,0.29545454545454547,0.9761904761904762,0.35267857142857145
0.6686686686686687,1.0,0.29545454545454547,0.9761904761904762,0.35267857142857145
0.6696696696696697,1.0,0.29545454545454547,0.9761904761904762,0.35267857142857145
0.6706706706706707,1.0,0.29545454545454547,0.9761904761904762,0.35267857142857145
0.6716716716716716,1.0,0.29545454545454547,0.9761904761904762,0.35267857142857145
0.6726726726726726,1.0,0.29545454545454547,0.9761904761904762,0.35267857142857145
0.6736736736736737,1.0,0.29545454545454547,0.9761904761904762,0.35267857142857145
0.6746746746746747,1.0,0.29545454545454547,0.9761904761904762,0.35267857142857145
0.6756756756756757,1.0,0.29545454545454547,0.9761904761904762,0.3389830508474576
0.6766766766766766,1.0,0.29545454545454547,0.9761904761904762,0.3389830508474576
0.6776776776776777,1.0,0.29545454545454547,0.9761904761904762,0.3389830508474576
0.6786786786786787,1.0,0.29545454545454547,0.9761904761904762,0.3389830508474576
0.6796796796796797,1.0,0.29545454545454547,0.9761904761904762,0.3389830508474576
0.6806806806806807,1.0,0.29545454545454547,0.9761904761904762,0.3389830508474576
0.6816816816816816,1.0,0.29545454545454547,0.9761904761904762,0.3389830508474576
0.6826826826826827,1.0,0.29545454545454547,0.9761904761904762,0.3389830508474576
0.6836836836836837,1.0,0.29545454545454547,0.9761904761904762,0.3389830508474576
0.6846846846846847,1.0,0.2597402597402597,0.9761904761904762,0.3389121338912134
0.6856856856856857,1.0,0.2597402597402597,0.9761904761904762,0.3389121338912134
0.6866866866866866,1.0,0.2597402597402597,0.9761904761904762,0.3389121338912134
0.6876876876876877,1.0,0.2597402597402597,0.9761904761904762,0.3389121338912134
0.6886886886886887,1.0,0.2597402597402597,0.9761904761904762,0.3389121338912134
0.6896896896896897,1.0,0.2597402597402597,0.9761904761904762,0.3389121338912134
0.6906906906906907,1.0,0.2597402597402597,0.9761904761904762,0.3389121338912134
0.6916916916916916,1.0,0.2597402597402597,0.9761904761904762,0.3389121338912134
0.6926926926926927,1.0,0.2597402597402597,0.9761904761904762,0.3293172690763052
0.6936936936936937,1.0,0.2597402597402597,0.9761904761904762,0.3293172690763052
0.6946946946946947,1.0,0.2597402597402597,0.9761904761904762,0.3293172690763052
0.6956956956956957,1.0,0.2597402597402597,0.9761904761904762,0.3293172690763052
0.6966966966966966,1.0,0.2597402597402597,0.9761904761904762,0.3293172690763052
0.6976976976976977,1.0,0.2597402597402597,0.9761904761904762,0.3293172690763052
0.6986986986986987,1.0,0.2597402597402597,0.9761904761904762,0.3293172690763052
0.6996996996996997,1.0,0.2597402597402597,0.9761904761904762,0.3293172690763052
0.7007007007007007,1.0,0.2597402597402597,0.9761904761904762,0.3293172690763052
0.7017017017017017,1.0,0.2597402597402597,0.9761904761904762,0.32684824902723736
0.7027027027027027,1.0,0.21578947368421053,0.9761904761904762,0.32684824902723736
0.7037037037037037,1.0,0.21578947368421053,0.9761904761904762,0.32684824902723736
0.7047047047047047,1.0,0.21578947368421053,0.9761904761904762,0.32684824902723736
0.7057057057057057,1.0,0.21578947368421053,0.9761904761904762,0.32684824902723736
0.7067067067067067,1.0,0.21578947368421053,0.9761904761904762,0.32684824902723736
0.7077077077077077,1.0,0.21578947368421053,0.9761904761904762,0.32684824902723736
0.7087087087087087,1.0,0.21578947368421053,0.9761904761904762,0.32684824902723736
0.7097097097097097,1.0,0.21578947368421053,0.9761904761904762,0.32684824902723736
0.7107107107107107,1.0,0.21578947368421053,0.9761904761904762,0.32684824902723736
0.7117117117117117,1.0,0.21578947368421053,0.9761904761904762,0.32684824902723736
0.7127127127127127,1.0,0.21578947368421053,0.9761904761904762,0.32684824902723736
0.7137137137137137,1.0,0.21578947368421053,0.9761904761904762,0.32684824902723736
0.7147147147147147,1.0,0.21578947368421053,0.9761904761904762,0.32684824902723736
0.7157157157157157,1.0,0.21578947368421053,0.9761904761904762,0.32684824902723736
0.7167167167167167,1.0,0.21578947368421053,0.9761904761904762,0.32684824902723736
0.7177177177177178,1.0,0.21578947368421053,0.9761904761904762,0.32684824902723736
0.7187187187187187,1.0,0.21578947368421053,0.9761904761904762,0.32196969696969696
0.7197197197197197,1.0,0.17142857142857143,0.9761904761904762,0.32196969696969696
0.7207207207207207,1.0,0.17142857142857143,0.9761904761904762,0.32196969696969696
0.7217217217217217,1.0,0.17142857142857143,0.9761904761904762,0.32196969696969696
0.7227227227227228,1.0,0.17142857142857143,0.9761904761904762,0.32196969696969696
0.7237237237237237,1.0,0.17142857142857143,0.9761904761904762,0.32196969696969696
0.7247247247247247,1.0,0.17142857142857143,0.9761904761904762,0.32196969696969696
0.7257257257257257,1.0,0.17142857142857143,0.9761904761904762,0.32196969696969696
0.7267267267267267,1.0,0.17142857142857143,0.9761904761904762,0.31970260223048325
0.7277277277277278,1.0,0.17142857142857143,0.9761904761904762,0.31970260223048325
0.7287287287287287,1.0,0.17142857142857143,0.9761904761904762,0.31970260223048325
0.7297297297297297,1.0,0.17142857142857143,0.9761904761904762,0.31970260223048325
0.7307307307307307,1.0,0.17142857142857143,0.9761904761904762,0.31970260223048325
0.7317317317317317,1.0,0.17142857142857143,0.9761904761904762,0.31970260223048325
0.7327327327327328,1.0,0.17142857142857143,0.9761904761904762,0.31970260223048325
0.7337337337337337,1.0,0.17142857142857143,0.9761904761904762,0.31970260223048325
0.7347347347347347,1.0,0.17142857142857143,0.9761904761904762,0.31970260223048325
0.7357357357357357,1.0,0.17142857142857143,0.9761904761904762,0.30985915492957744
0.7367367367367368,1.0,0.17142857142857143,0.9761904761904762,0.30985915492957744
0.7377377377377378,1.0,0.10576923076923077,0.9761904761904762,0.30985915492957744
0.7387387387387387,1.0,0.10576923076923077,0.9761904761904762,0.30985915492957744
0.7397397397397397,1.0,0.10576923076923077,0.9761904761904762,0.30985915492957744
0.7407407407407407,1.0,0.10576923076923077,0.9761904761904762,0.30985915492957744
0.7417417417417418,1.0,0.10576923076923077,0.9761904761904762,0.30985915492957744
0.7427427427427428,1.0,0.10576923076923077,0.9761904761904762,0.30985915492957744
0.7437437437437437,1.0,0.10576923076923077,0.9761904761904762,0.30985915492957744
0.7447447447447447,1.0,0.10576923076923077,0.9761904761904762,0.30985915492957744
0.7457457457457457,1.0,0.10576923076923077,0.9761904761904762,0.30985915492957744
0.7467467467467468,1.0,0.10576923076923077,0.9761904761904762,0.30985915492957744
0.7477477477477478,1.0,0.10576923076923077,0.9761904761904762,0.30985915492957744
0.7487487487487487,1.0,0.10576923076923077,0.9761904761904762,0.30985915492957744
0.7497497497497497,1.0,0.10576923076923077,0.9761904761904762,0.30985915492957744
0.7507507507507507,1.0,0.10576923076923077,0.9761904761904762,0.30985915492957744
0.7517517517517518,1.0,0.10576923076923077,0.9761904761904762,0.30985915492957744
0.7527527527527528,1.0,0.10576923076923077,0.9761904761904762,0.28213166144200624
0.7537537537537538,1.0,0.10576923076923077,0.9761904761904762,0.28213166144200624
0.7547547547547547,1.0,0.10576923076923077,0.9761904761904762,0.28213166144200624
0.7557557557557557,1.0,0.10576923076923077,0.9761904761904762,0.28213166144200624
0.7567567567567568,1.0,0.10576923076923077,0.9761904761904762,0.28213166144200624
0.7577577577577578,1.0,0.10576923076923077,0.9761904761904762,0.28213166144200624
0.7587587587587588,1.0,0.10576923076923077,0.9761904761904762,0.28213166144200624
0.7597597597597597,1.0,0.10576923076923077,0.9761904761904762,0.28213166144200624
0.7607607607607607,1.0,0.10576923076923077,0.9761904761904762,0.28213166144200624
0.7617617617617618,1.0,0.10576923076923077,0.9761904761904762,0.28213166144200624
0.7627627627627628,1.0,0.10576923076923077,0.9761904761904762,0.28213166144200624
0.7637637637637638,1.0,0.10576923076923077,0.9761904761904762,0.28213166144200624
0.7647647647647647,1.0,0.10576923076923077,0.9761904761904762,0.28213166144200624
0.7657657657657657,1.0,0.10576923076923077,0.9761904761904762,0.28213166144200624
0.7667667667667668,1.0,0.10576923076923077,0.9666666666666667,0.28213166144200624
0.7677677677677678,1.0,0.10576923076923077,0.9666666666666667,0.28213166144200624
0.7687687687687688,1.0,0.10576923076923077,0.9666666666666667,0.28213166144200624
0.7697697697697697,1.0,0.10576923076923077,0.9666666666666667,0.27002967359050445
0.7707707707707707,1.0,0.10576923076923077,0.9666666666666667,0.27002967359050445
0.7717717717717718,1.0,0.10576923076923077,0.9666666666666667,0.27002967359050445
0.7727727727727728,1.0,0.055350553505535055,0.9666666666666667,0.27002967359050445
0.7737737737737738,1.0,0.055350553505535055,0.9666666666666667,0.27002967359050445
0.7747747747747747,1.0,0.055350553505535055,0.9666666666666667,0.27002967359050445
0.7757757757757757,1.0,0.055350553505535055,0.9666666666666667,0.27002967359050445
0.7767767767767768,1.0,0.055350553505535055,0.9666666666666667,0.27002967359050445
0.7777777777777778,1.0,0.055350553505535055,0.9666666666666667,0.2569832402234637
0.7787787787787788,1.0,0.055350553505535055,0.9666666666666667,0.2569832402234637
0.7797797797797797,1.0,0.055350553505535055,0.9666666666666667,0.2569832402234637
0.7807807807807807,1.0,0.055350553505535055,0.9666666666666667,0.2569832402234637
0.7817817817817818,1.0,0.055350553505535055,0.9666666666666667,0.2569832402234637
0.7827827827827828,1.0,0.055350553505535055,0.9666666666666667,0.2569832402234637
0.7837837837837838,1.0,0.055350553505535055,0.9666666666666667,0.2569832402234637
0.7847847847847848,1.0,0.055350553505535055,0.9666666666666667,0.2569832402234637
0.7857857857857857,1.0,0.055350553505535055,0.9666666666666667,0.2569832402234637
0.7867867867867868,1.0,0.055350553505535055,0.9666666666666667,0.2085201793721973
0.7877877877877878,1.0,0.055350553505535055,0.9666666666666667,0.2085201793721973
0.7887887887887888,1.0,0.055350553505535055,0.9666666666666667,0.2085201793721973
0.7897897897897898,1.0,0.049145299145299144,0.9666666666666667,0.2085201793721973
0.7907907907907907,1.0,0.049145299145299144,0.9666666666666667,0.2085201793721973
0.7917917917917918,1.0,0.049145299145299144,0.9666666666666667,0.2085201793721973
0.7927927927927928,1.0,0.049145299145299144,0.9666666666666667,0.2085201793721973
0.7937937937937938,1.0,0.049145299145299144,0.9666666666666667,0.2085201793721973
0.7947947947947948,1.0,0.049145299145299144,0.9666666666666667,0.2085201793721973
0.7957957957957957,1.0,0.049145299145299144,0.9666666666666667,0.18875502008032127
0.7967967967967968,1.0,0.049145299145299144,0.9666666666666667,0.18875502008032127
0.7977977977977978,1.0,0.049145299145299144,0.9666666666666667,0.18875502008032127
0.7987987987987988,1.0,0.049145299145299144,0.9666666666666667,0.18875502008032127
0.7997997997997998,1.0,0.049145299145299144,0.9666666666666667,0.18875502008032127
0.8008008008008007,1.0,0.049145299145299144,0.9666666666666667,0.18875502008032127
0.8018018018018018,1.0,0.049145299145299144,0.9666666666666667,0.18875502008032127
0.8028028028028028,1.0,0.049145299145299144,0.9666666666666667,0.18875502008032127
0.8038038038038038,1.0,0.049145299145299144,0.9666666666666667,0.1873767258382643
0.8048048048048048,1.0,0.049145299145299144,0.9666666666666667,0.1873767258382643
0.8058058058058059,1.0,0.049145299145299144,0.9666666666666667,0.1873767258382643
0.8068068068068068,1.0,0.049145299145299144,0.9666666666666667,0.1873767258382643
0.8078078078078078,1.0,0.03312191684284708,0.9666666666666667,0.1873767258382643
0.8088088088088088,1.0,0.03312191684284708,0.9666666666666667,0.1873767258382643
0.8098098098098098,1.0,0.03312191684284708,0.9666666666666667,0.1873767258382643
0.8108108108108109,1.0,0.03312191684284708,0.9666666666666667,0.1873767258382643
0.8118118118118118,1.0,0.03312191684284708,0.9666666666666667,0.1873767258382643
0.8128128128128128,1.0,0.03312191684284708,0.9666666666666667,0.18640776699029127
0.8138138138138138,1.0,0.03312191684284708,0.9565217391304348,0.18640776699029127
0.8148148148148148,1.0,0.03312191684284708,0.9565217391304348,0.18640776699029127
0.8158158158158159,1.0,0.03312191684284708,0.9565217391304348,0.18640776699029127
0.8168168168168168,1.0,0.03312191684284708,0.9565217391304348,0.18640776699029127
0.8178178178178178,1.0,0.03312191684284708,0.9565217391304348,0.18640776699029127
0.8188188188188188,1.0,0.03312191684284708,0.9565217391304348,0.18640776699029127
0.8198198198198198,1.0,0.03312191684284708,0.9565217391304348,0.18640776699029127
0.8208208208208209,1.0,0.03312191684284708,0.9565217391304348,0.18063314711359404
0.8218218218218218,1.0,0.03312191684284708,0.9565217391304348,0.18063314711359404
0.8228228228228228,1.0,0.03312191684284708,0.9479166666666666,0.18063314711359404
0.8238238238238238,1.0,0.03312191684284708,0.9479166666666666,0.18063314711359404
0.8248248248248248,1.0,0.030848329048843187,0.9479166666666666,0.18063314711359404
0.8258258258258259,1.0,0.030848329048843187,0.9479166666666666,0.18063314711359404
0.8268268268268268,1.0,0.030848329048843187,0.9479166666666666,0.18063314711359404
0.8278278278278278,1.0,0.030848329048843187,0.9479166666666666,0.18063314711359404
0.8288288288288288,1.0,0.030848329048843187,0.9479166666666666,0.18063314711359404
0.8298298298298298,1.0,0.030848329048843187,0.9479166666666666,0.1680960548885077
0.8308308308308309,1.0,0.030848329048843187,0.9479166666666666,0.1680960548885077
0.8318318318318318,1.0,0.030848329048843187,0.9479166666666666,0.1680960548885077
0.8328328328328328,1.0,0.030848329048843187,0.9479166666666666,0.1680960548885077
0.8338338338338338,1.0,0.030848329048843187,0.9479166666666666,0.1680960548885077
0.8348348348348348,1.0,0.030848329048843187,0.9479166666666666,0.1680960548885077
0.8358358358358359,1.0,0.030848329048843187,0.9479166666666666,0.1680960548885077
0.8368368368368369,1.0,0.030848329048843187,0.9479166666666666,0.1680960548885077
0.8378378378378378,1.0,0.030848329048843187,0.9479166666666666,0.12004801920768307
0.8388388388388388,1.0,0.030848329048843187,0.9479166666666666,0.12004801920768307
0.8398398398398398,1.0,0.030848329048843187,0.9479166666666666,0.12004801920768307
0.8408408408408409,0.9985652797704447,0.030848329048843187,0.9479166666666666,0.12004801920768307
0.8418418418418419,0.9985652797704447,0.030848329048843187,0.9479166666666666,0.12004801920768307
0.8428428428428428,0.9985652797704447,0.02171985815602837,0.9479166666666666,0.12004801920768307
0.8438438438438438,0.9985652797704447,0.02171985815602837,0.9479166666666666,0.12004801920768307
0.8448448448448448,0.9985652797704447,0.02171985815602837,0.9479166666666666,0.12004801920768307
0.8458458458458459,0.9985652797704447,0.02171985815602837,0.9479166666666666,0.12004801920768307
0.8468468468468469,0.9985652797704447,0.02171985815602837,0.9479166666666666,0.12004801920768307
0.8478478478478478,0.9985652797704447,0.02171985815602837,0.9479166666666666,0.12004801920768307
0.8488488488488488,0.9985652797704447,0.02171985815602837,0.9479166666666666,0.12004801920768307
0.8498498498498498,0.9985652797704447,0.02171985815602837,0.9479166666666666,0.12004801920768307
0.8508508508508509,0.9985652797704447,0.02171985815602837,0.9215686274509803,0.12004801920768307
0.8518518518518519,0.9985652797704447,0.02171985815602837,0.9215686274509803,0.12004801920768307
0.8528528528528528,0.9985652797704447,0.02171985815602837,0.9215686274509803,0.12004801920768307
0.8538538538538538,0.9985652797704447,0.02171985815602837,0.9215686274509803,0.12004801920768307
0.8548548548548548,0.9985652797704447,0.02171985815602837,0.9215686274509803,0.11345939933259176
0.8558558558558559,0.9985652797704447,0.02171985815602837,0.9215686274509803,0.11345939933259176
0.8568568568568569,0.9957446808510638,0.02171985815602837,0.9215686274509803,0.11345939933259176
0.8578578578578578,0.9957446808510638,0.02171985815602837,0.9215686274509803,0.11345939933259176
0.8588588588588588,0.9957446808510638,0.02171985815602837,0.9215686274509803,0.11345939933259176
0.8598598598598598,0.9957446808510638,0.020705216430988764,0.9215686274509803,0.11345939933259176
0.8608608608608609,0.9957446808510638,0.02055732202791026,0.9215686274509803,0.11345939933259176
0.8618618618618619,0.9957446808510638,0.02040942762483177,0.9215686274509803,0.11345939933259176
0.8628628628628628,0.9957446808510638,0.020261533221753284,0.9215686274509803,0.11345939933259176
0.8638638638638638,0.9945205479452055,0.020113638818674798,0.9215686274509803,0.11345939933259176
0.8648648648648649,0.9945205479452055,0.01996574441559629,0.9215686274509803,0.11345939933259176
0.8658658658658659,0.9945205479452055,0.019817850012517804,0.9215686274509803,0.11345939933259176
0.8668668668668669,0.9945205479452055,0.019669955609439318,0.9215686274509803,0.11345939933259176
0.8678678678678678,0.9945205479452055,0.019522061206360828,0.9215686274509803,0.11345939933259176
0.8688688688688688,0.9945205479452055,0.01937416680328234,0.9215686274509803,0.11345939933259176
0.8698698698698699,0.9945205479452055,0.019226272400203838,0.9215686274509803,0.11345939933259176
0.8708708708708709,0.9945205479452055,0.019078377997125348,0.9215686274509803,0.11345939933259176
0.8718718718718719,0.9945205479452055,0.01893048359404686,0.9215686274509803,0.09397810218978102
0.8728728728728729,0.9945205479452055,0.018782589190968372,0.9215686274509803,0.09397810218978102
0.8738738738738738,0.9945205479452055,0.018634694787889886,0.9215686274509803,0.09397810218978102
0.8748748748748749,0.9945205479452055,0.018486800384811382,0.9215686274509803,0.09397810218978102
0.8758758758758759,0.9945205479452055,0.018338905981732892,0.9215686274509803,0.09397810218978102
0.8768768768768769,0.9945205479452055,0.018191011578654406,0.9215686274509803,0.09397810218978102
0.8778778778778779,0.9945205479452055,0.01804311717557592,0.9215686274509803,0.09397810218978102
0.8788788788788788,0.9945205479452055,0.01789522277249743,0.9158878504672897,0.09397810218978102
0.8798798798798799,0.9945205479452055,0.017747328369418926,0.9158878504672897,0.09397810218978102
0.8808808808808809,0.9945205479452055,0.01759943396634044,0.9158878504672897,0.07859281437125748
0.8818818818818819,0.9945205479452055,0.01745153956326195,0.9158878504672897,0.07859281437125748
0.8828828828828829,0.9945205479452055,0.017303645160183463,0.9158878504672897,0.07859281437125748
0.8838838838838838,0.9945205479452055,0.017155750757104973,0.9158878504672897,0.07859281437125748
0.8848848848848849,0.9945205479452055,0.01700785635402647,0.9158878504672897,0.07859281437125748
0.8858858858858859,0.9945205479452055,0.016859961950947983,0.9158878504672897,0.07859281437125748
0.8868868868868869,0.9945205479452055,0.016712067547869497,0.9158878504672897,0.07859281437125748
0.8878878878878879,0.9945205479452055,0.016564173144791007,0.9158878504672897,0.07859281437125748
0.8888888888888888,0.9945205479452055,0.01641627874171252,0.9158878504672897,0.07859281437125748
0.8898898898898899,0.9945205479452055,0.016268384338634014,0.9158878504672897,0.07859281437125748
0.8908908908908909,0.9945205479452055,0.016120489935555527,0.9158878504672897,0.07859281437125748
0.8918918918918919,0.9945205479452055,0.01597259553247704,0.9158878504672897,0.07859281437125748
0.8928928928928929,0.9945205479452055,0.01582470112939855,0.9158878504672897,0.07859281437125748
0.8938938938938938,0.9931880108991825,0.015676806726320065,0.9158878504672897,0.07859281437125748
0.8948948948948949,0.9931880108991825,0.015528912323241561,0.9158878504672897,0.07859281437125748
0.8958958958958959,0.9931880108991825,0.015381017920163073,0.9158878504672897,0.07859281437125748
0.8968968968968969,0.9906666666666667,0.015233123517084585,0.9158878504672897,0.07859281437125748
0.8978978978978979,0.9906666666666667,0.015085229114006097,0.9158878504672897,0.06923579359895493
0.8988988988988988,0.9906666666666667,0.014937334710927608,0.9158878504672897,0.06923579359895493
0.8998998998998999,0.9906666666666667,0.014789440307849105,0.9158878504672897,0.06923579359895493
0.9009009009009009,0.9906666666666667,0.014641545904770618,0.9158878504672897,0.06923579359895493
0.9019019019019019,0.9906666666666667,0.014493651501692129,0.9158878504672897,0.06923579359895493
0.9029029029029029,0.9906666666666667,0.014345757098613642,0.9158878504672897,0.06923579359895493
0.9039039039039038,0.9906666666666667,0.014197862695535154,0.9158878504672897,0.06923579359895493
0.9049049049049049,0.9906666666666667,0.014049968292456649,0.9158878504672897,0.06923579359895493
0.9059059059059059,0.9906666666666667,0.013902073889378162,0.9158878504672897,0.06923579359895493
0.9069069069069069,0.9906666666666667,0.013754179486299674,0.9158878504672897,0.0647307924984876
0.9079079079079079,0.9906666666666667,0.013606285083221186,0.9158878504672897,0.0647307924984876
0.9089089089089089,0.9906666666666667,0.0134583906801427,0.9158878504672897,0.0647307924984876
0.9099099099099099,0.9906666666666667,0.013310496277064194,0.9158878504672897,0.0647307924984876
0.9109109109109109,0.9906666666666667,0.013162601873985706,0.9158878504672897,0.0647307924984876
0.9119119119119119,0.9906666666666667,0.01301470747090722,0.9158878504672897,0.0647307924984876
0.9129129129129129,0.9906666666666667,0.012866813067828732,0.9158878504672897,0.0647307924984876
0.9139139139139139,0.9880794701986755,0.012718918664750244,0.9158878504672897,0.0647307924984876
0.914914914914915,0.9880794701986755,0.01257102426167174,0.9158878504672897,0.030083565459610027
0.9159159159159159,0.9880794701986755,0.012423129858593252,0.9090909090909091,0.030083565459610027
0.9169169169169169,0.9880794701986755,0.012275235455514764,0.9090909090909091,0.030083565459610027
0.9179179179179179,0.9868593955321945,0.012127341052436276,0.9090909090909091,0.030083565459610027
0.9189189189189189,0.9868593955321945,0.011979446649357788,0.9090909090909091,0.030083565459610027
0.91991991991992,0.9868593955321945,0.011831552246279284,0.9090909090909091,0.030083565459610027
0.9209209209209209,0.9868593955321945,0.011683657843200796,0.9090909090909091,0.030083565459610027
0.9219219219219219,0.9868593955321945,0.011535763440122308,0.9090909090909091,0.030083565459610027
0.9229229229229229,0.9868593955321945,0.011387869037043821,0.9090909090909091,0.030083565459610027
0.9239239239239239,0.9855832241153342,0.011239974633965333,0.9090909090909091,0.02543163789080728
0.924924924924925,0.9855832241153342,0.01109208023088683,0.9090909090909091,0.02543163789080728
0.9259259259259259,0.9843342036553525,0.010944185827808341,0.9090909090909091,0.02543163789080728
0.9269269269269269,0.9843342036553525,0.010796291424729853,0.9090909090909091,0.02543163789080728
0.9279279279279279,0.980544747081712,0.010648397021651365,0.9090909090909091,0.02543163789080728
0.9289289289289289,0.980544747081712,0.010500502618572877,0.9090909090909091,0.02543163789080728
0.92992992992993,0.9796437659033079,0.010352608215494373,0.9090909090909091,0.02543163789080728
0.9309309309309309,0.9796437659033079,0.010204713812415885,0.9090909090909091,0.02543163789080728
0.9319319319319319,0.9796437659033079,0.010056819409337397,0.9090909090909091,0.022764900662251654
0.9329329329329329,0.9796437659033079,0.00990892500625891,0.9090909090909091,0.022764900662251654
0.933933933933934,0.9796437659033079,0.009761030603180405,0.9090909090909091,0.022764900662251654
0.934934934934935,0.9796437659033079,0.009613136200101919,0.8938053097345132,0.022764900662251654
0.9359359359359359,0.9796437659033079,0.00946524179702343,0.8938053097345132,0.022764900662251654
0.9369369369369369,0.9796437659033079,0.009317347393944943,0.8938053097345132,0.022764900662251654
0.9379379379379379,0.9796437659033079,0.009169452990866455,0.8938053097345132,0.022764900662251654
0.938938938938939,0.9796437659033079,0.009021558587787951,0.8938053097345132,0.022764900662251654
0.93993993993994,0.9796437659033079,0.008873664184709463,0.8938053097345132,0.022764900662251654
0.9409409409409409,0.9796437659033079,0.008725769781630975,0.8938053097345132,0.017024819470727277
0.9419419419419419,0.9796437659033079,0.008577875378552487,0.8938053097345132,0.016736263208511567
0.9429429429429429,0.9796437659033079,0.008429980975474,0.8938053097345132,0.016447706946295857
0.943943943943944,0.9796437659033079,0.008282086572395495,0.8793103448275862,0.016159150684080116
0.944944944944945,0.9796437659033079,0.008134192169317008,0.8793103448275862,0.015870594421864406
0.9459459459459459,0.9796437659033079,0.00798629776623852,0.8793103448275862,0.015582038159648695
0.9469469469469469,0.9796437659033079,0.007838403363160032,0.8793103448275862,0.015293481897432985
0.9479479479479479,0.9772151898734177,0.007690508960081544,0.8793103448275862,0.015004925635217275
0.948948948948949,0.9772151898734177,0.0075426145570030405,0.8793103448275862,0.014716369373001532
0.94994994994995,0.976010101010101,0.007394720153924552,0.8793103448275862,0.014427813110785823
0.950950950950951,0.9748110831234257,0.007246825750846064,0.8793103448275862,0.014139256848570113
0.9519519519519519,0.9748110831234257,0.007098931347767576,0.8793103448275862,0.013850700586354403
0.9529529529529529,0.97375,0.00695103694468909,0.8793103448275862,0.013562144324138693
0.953953953953954,0.97375,0.006803142541610584,0.8583333333333333,0.01327358806192295
0.954954954954955,0.97375,0.006655248138532098,0.8583333333333333,0.01298503179970724
0.955955955955956,0.97375,0.00650735373545361,0.8583333333333333,0.012696475537491531
0.9569569569569569,0.97375,0.006359459332375122,0.8583333333333333,0.01240791927527582
0.9579579579579579,0.97375,0.006211564929296634,0.8583333333333333,0.01211936301306011
0.958958958958959,0.9713574097135741,0.00606367052621813,0.8583333333333333,0.011830806750844369
0.95995995995996,0.9689826302729528,0.005915776123139642,0.8583333333333333,0.011542250488628659
0.960960960960961,0.9654320987654321,0.005767881720061154,0.8583333333333333,0.011253694226412949
0.9619619619619619,0.9642857142857143,0.005619987316982666,0.8583333333333333,0.01096513796419724
0.9629629629629629,0.9642857142857143,0.005472092913904179,0.8125,0.010676581701981528
0.963963963963964,0.9584859584859585,0.005324198510825674,0.8125,0.010388025439765785
0.964964964964965,0.9584859584859585,0.0051763041077471875,0.8125,0.010099469177550075
0.965965965965966,0.9515738498789347,0.0050284097046686994,0.8125,0.009810912915334365
0.9669669669669669,0.9493365500603136,0.00488051530159021,0.8125,0.009522356653118656
0.9679679679679679,0.9493365500603136,0.004732620898511723,0.8125,0.009233800390902946
0.968968968968969,0.9415971394517283,0.0045847264954332195,0.8125,0.008945244128687203
0.96996996996997,0.9415971394517283,0.004436832092354733,0.8125,0.008656687866471493
0.970970970970971,0.9415971394517283,0.004288937689276243,0.8125,0.008368131604255783
0.9719719719719719,0.9209302325581395,0.004141043286197757,0.7954545454545454,0.008079575342040074
0.9729729729729729,0.9209302325581395,0.003993148883119267,0.7954545454545454,0.007791019079824364
0.973973973973974,0.9209302325581395,0.0038452544800407634,0.7954545454545454,0.007502462817608621
0.974974974974975,0.9094036697247706,0.003697360076962277,0.7954545454545454,0.007213906555392911
0.975975975975976,0.9053591790193842,0.0035494656738837872,0.7954545454545454,0.0069253502931772015
0.9769769769769769,0.9013605442176871,0.003401571270805301,0.7954545454545454,0.00663679403096149
0.9779779779779779,0.8974069898534386,0.0032536768677268145,0.7954545454545454,0.00634823776874578
0.978978978978979,0.8974069898534386,0.0031057824646483073,0.7954545454545454,0.006059681506530039
0.97997997997998,0.8875278396436526,0.002957888061569821,0.7954545454545454,0.005771125244314328
0.980980980980981,0.8866666666666667,0.0028099936584913346,0.7954545454545454,0.005482568982098618
0.9819819819819819,0.8818984547461368,0.0026620992554128448,0.762589928057554,0.005194012719882908
0.9829829829829829,0.8556149732620321,0.0025142048523343584,0.762589928057554,0.004905456457667198
0.983983983983984,0.8556149732620321,0.0023663104492558547,0.762589928057554,0.0046169001954514555
0.984984984984985,0.8539445628997868,0.002218416046177365,0.762589928057554,0.004328343933235746
0.985985985985986,0.8442105263157895,0.0020705216430988785,0.762589928057554,0.004039787671020036
0.986986986986987,0.83298755186722,0.0019226272400203887,0.762589928057554,0.003751231408804326
0.9879879879879879,0.8246153846153846,0.0017747328369419023,0.762589928057554,0.0034626751465886164
0.988988988988989,0.811491935483871,0.0016268384338633986,0.762589928057554,0.0031741188843728736
0.98998998998999,0.811491935483871,0.0014789440307849087,0.762589928057554,0.002885562622157164
0.990990990990991,0.7980198019801981,0.0013310496277064224,0.6257309941520468,0.002597006359941454
0.991991991991992,0.7842565597667639,0.001183155224627936,0.6257309941520468,0.0023084500977257425
0.992992992992993,0.6672171758876961,0.0010352608215494323,0.6257309941520468,0.0020198938355100015
0.993993993993994,0.5926739926739927,0.0008873664184709425,0.6257309941520468,0.0017313375732942917
0.994994994994995,0.5926739926739927,0.0007394720153924561,0.6257309941520468,0.0014427813110785802
0.995995995995996,0.5865314989138306,0.0005915776123139663,0.6257309941520468,0.0011542250488628704
0.996996996996997,0.48389021479713606,0.0004436832092354799,0.6257309941520468,0.0008656687866471606
0.997997997997998,0.4518642181413467,0.0002957888061569762,0.6257309941520468,0.0005771125244314196
0.998998998998999,0.3196985083777508,0.00014789440307848636,0.6257309941520468,0.0002885562622157098
1.0,0.0,0.0,0.0,0.0
